SONG_ID,PERSISTENT_ID,TRACK_ID
2,811B8ECEEFC5CD79,61483
4,43E1584CD45F3FA3,54847
6,966911A488D4FA41,40642
8,14C9F560BCCCCF79,36946
10,3F1941D76DEF108C,58717
12,47CA88BC0813EE4F,54406
14,4EE8B8D5C723228D,19723
16,C7117C66987BA6C1,46510
18,66759A803C0A3B3A,39499
20,A600AD973731E311,23020
22,E52DAD90CEF8C7F1,19246
24,F78C8FB038A999BC,53500
26,E66553C85F42A9EB,26293
28,93433507AA4297BE,37624
30,8B435A843FC24E5C,41773
32,294606DA8AD7DC18,22717
34,C0136899DCF96867,25504
36,5C0D600A79CA0311,24715
38,0B26E9A96F702BA6,55384
40,E0FF4AE43BF7DE8D,24706
42,5AF513EEB9464148,25720
44,ABE3DA7CF3B97462,44848
46,40CFCBED5E009FBC,46258
48,5614B3E6DA8FD29C,35827
50,0F0E2EE9B1397970,24523
52,D7757744BC5E1A0E,19849
54,325035DFDA75C6EE,26257
56,B2E13BD213D03C54,227066
58,1ACB093156383EAB,226172
60,4B48DE22136EE3F0,221066
62,DC5C261A83A4ED4F,219380
64,EB4378B702E76BB2,214829
66,346D8B90DDF4E34A,220349
68,84A764CA3CF33E34,226760
70,0D846877E0EB6020,229802
72,F7ACFC901092B934,221153
74,1260553E28CD03D7,220451
76,94F05434B4CDCE8F,218438
78,144A32ED445BC63C,227354
80,BA5CF3156CA20751,218144
82,B7DF6B31F716145E,219608
84,AD9D661AF054A64F,218789
86,BB80B78451D436FE,216551
88,B8C2A0CC4A6053F2,221117
90,0D992C6963CF2C49,227312
92,6AFA882350BE614C,221588
94,088B42D025A9978D,220490
96,03EF5A31EAF08EE7,217991
98,B5B9087DC649C191,225605
100,02C89BD7D01937BD,225950
102,21C4416D5F7D8F87,219770
104,890706D65E7A338C,217331
106,BC25130CF3A122E0,219299
108,6C31D4F16E4527C4,224201
110,16324AF942F6FC88,226727
112,EF1B8DBEE9DA92E7,215696
114,1911AD026C541CC7,229103
116,00B97F703C92221F,219125
118,2A351D64D9789DA9,227810
120,F7B9A0AE65C05713,224195
122,C8E75F29F08CF9C6,224606
124,152A1F5413985747,224150
126,A9DADD694671DAD2,227282
128,79C04B7CAF98B691,217544
130,007E73BF5E90D6B2,227411
132,E9B3C068253BFBE9,226697
134,2C16D55293D7A3CF,220016
136,A3714113AAD935E7,219359
138,E0AC1B07BF32F6D9,220337
140,D60DA448B3152997,217535
142,9D7E20A791FAEFDD,219350
144,886272F65B54C75E,219668
146,6C75706C9D546660,226712
148,2A13E10233B0F85D,218855
150,FA77FFDA254A81A7,219728
152,98BB43FA7075C8C5,226211
154,5A399BE3E426CF61,223217
156,66264C772194111D,216767
158,1A4E8E9A3C286BA3,224492
160,8907EE8C4D147C07,222167
162,A840BE5E9DF02241,220640
164,C074BDF56FB0EF4B,226253
166,22D00846BD8FEB12,220211
168,37045A5AD435DA9E,215561
170,EEBFCB5DC4BE01C3,225797
172,7D680FC2AE1820DC,220226
174,1D964509C4F57BD9,221447
176,6E611B9FD7A8D377,217868
178,724F1460908680B0,220277
180,C8F0EA1558267524,25159
182,DEE8042974088B0E,218882
184,3516F20E12EBDA36,214667
186,56DF8B45D177CC47,223487
188,44A2CB1E4BABA024,223229
190,F983001D36F40DF5,220580
192,4CA56AACFE4171E1,220775
194,4B3E22C695B0E8DA,220814
196,601C82E3593AAA94,219368
198,BB6A854E44DDB309,220751
200,53A69E980A288405,224816
202,41B7314E2B6D2D98,220808
204,AE59C8E8FCC89245,227261
206,B676A957763DEF36,223685
208,ACBA16857FD444D6,218684
210,714DF5D29EDBBFDA,219629
212,1F39F1E8D025E38F,223397
214,79FE49085EF5CA29,218954
216,12F4FA143166B37E,217436
218,2276DE5559E80AF8,214490
220,0BEF97F8BAA76D32,223664
222,34676A2284F598AE,223460
224,C094D6812468E65A,219158
226,F9E680DE0163B813,219959
228,710884F9A7A6FD82,216179
230,8138FD93B5FD2882,219191
232,4B347CB6C5DF58D5,219065
234,69AA1988456AABAA,227171
236,10BD78A1EE597E21,218762
238,71C8E697CB2F0044,218942
240,CCDCEF2E196ED208,223691
242,DD32DD753D2ABB9A,219734
244,B3D27BDFB64707E3,218945
246,FAF9FC2589BCDBE1,221357
248,7E56ABE935BA5B2A,223682
250,DF9482432E02B337,216137
252,27DA4A262E52027E,216152
254,44CA0905F02055F4,227372
256,7A19D0E7D7FE11C1,215417
258,F5BD12E2CFAADAA8,215633
260,E059442926D842D0,218999
262,79A6D9566231AE84,222428
264,CA364039A99AD060,225332
266,3DA8A71FAE4CBCCF,224423
268,B7811BB3A61206CE,228737
270,7E97CA95121E137F,229775
272,D5ABF96CB1F4A711,223214
274,75D51F3FEFC49DC1,226202
276,164B16155CA17FBF,225809
278,57CE20266BEA35E6,220634
280,2D91FE8606BD360B,220649
282,A00F50D61389020F,221930
284,A286A02CC907EE1F,225320
286,18509554566B1F3C,219083
288,DAA8A60EFB7AAFC0,220496
290,40FD961CF25D1C4D,226442
292,D49EBD2EAE1C83C2,221606
294,24DEBDE7ABEA079C,226436
296,FDAF575CFE7F184D,215552
298,E40CAB5885B438DB,227465
300,5BB72241F6265DCB,219239
302,6210F8C92E7DD6DE,226190
304,6D788FA6946927F3,226466
306,EFE85AC849DE31EC,38236
308,A7B3E7AB95421004,28087
310,C801DAC9403246B8,27874
312,C80033BB35D58B4C,27940
314,90EB9678CDE4F2C8,3727
316,F0491C77BC844F54,3742
318,05D6C09303EF482E,3745
320,74F18F5AC8D63DD5,31999
322,B41F8AA0385D3503,47938
324,30E66ACAE1568EB6,22417
326,EA134A819122CAE4,46669
328,D6CE6C4686123900,24301
330,A62C5C10EF2DC724,25471
332,6CE73D9DAE937562,39739
334,6F5F2FEBBEF09B05,52699
336,62727DC8128D6B00,25558
338,FD1232214D546368,65119
340,B5984863EC37015D,17605
342,104B25D66CC622B4,64804
344,41D5A406BD693AB9,58021
346,702DEB2AC27C6BC0,26848
348,2EE7138A3B352413,22066
350,57B162D98AF30956,40090
352,851D43C6F3BAB8C3,33931
354,BF961D1EDE46F18B,30466
356,6A592C643E72D775,25210
358,68C3DB5766E56709,59602
360,551C22F2E0E02EB0,16573
362,8DDDDB862B451D13,51673
364,978ED17C475C2ED5,39817
366,8FCF4FBC89B54A69,34507
368,8715ECDEEB44BA92,67165
370,D5BA4C77EEB5C4C5,56932
372,9BB891282A1F1B69,25003
374,1EED55E799BEE677,25843
376,8C94C89C7C7E08FE,45688
378,99FA76E58B6D1EA0,45724
380,E636B18BF42F056A,45715
382,CD89EC3ABBFEF619,56953
384,EB88E9E3C344629E,56938
386,062ABA1C790CB73B,28693
388,355F149402987533,26755
390,05B925C625744AAA,28747
392,E2939493CA61C4ED,28696
394,15E684762D17296B,34618
396,FC6C973691B124DF,30382
398,943AAD2F1324D2D3,26524
400,DC573384E26CC9B2,28750
402,DE65E2BB07B9E094,201463
404,CAE419536A7AB111,207791
406,665B9C6D30464531,25858
408,231AC4BD8B95BCAC,201409
410,3391590427DF69C5,207782
412,57549DBA7C1E069E,212864
414,44C143FCC2DC73D0,201472
416,9E3E7B390E1C0402,200740
418,72934C5E5706ECD2,202801
420,F346EDFFACFA2B95,202936
422,FC01B5D6D943C3D5,207803
424,30C89B83664F8123,209477
426,2456AE5DD7F02364,203863
428,370B6B047999A994,200314
430,52E18A12F0CD4FA3,205138
432,5696ACC327B55376,201982
434,E0DBEBE093985BDB,203500
436,D5571DF56EA11B2C,209870
438,9266FE03E825AF56,203740
440,C7D067247A3C9B3F,205183
442,B42F0F28541CA987,213203
444,08899968EA2EE545,213257
446,5B9B6DB9DE627A8C,199948
448,F434828C464B3E3E,202006
450,529DE71ADAA4EC86,211664
452,94399256F145DEEA,202291
454,09D1E5CFD504A3ED,209273
456,E3D7E7D6250B10DC,27517
458,8CA320D3143E2E32,203689
460,360CD042A5ACEA04,202429
462,15244AD3785C76EE,202411
464,FFD99249A5228533,202396
466,6F33E5A65D9CF36A,202105
468,879132A7E3F5D24F,209702
470,D367F99AA11A36D8,209330
472,D74ABFF0C8C58371,198958
474,330746ABD2E688EE,203638
476,52636DB11D8A4608,211757
478,94A65963CDDC6D96,208679
480,4C1589CDC2D8DB39,201856
482,F1EA78A68FF11405,210830
484,13A91A4030C5F820,202204
486,04F6829A18402504,213227
488,820BC910B94BC213,206230
490,08D2943AEFDA29EC,203080
492,08170ABC5A03D89D,213155
494,052479140B364223,59134
496,3A64B54A5BA1F60D,201433
498,A133115CAA6DE001,212057
500,7386F0FF644A381B,25732
502,B8E71EE54DF77100,212066
504,26D793C6A02B9099,214016
506,32CA84974D1FDCCB,209123
508,72549E444C671CB1,212834
510,B9779D7821741DA4,208388
512,BDC6A14EB259511D,209012
514,4EDBD180C81648DF,198994
516,CA699B8A81243B39,207962
518,D8B3E7A54A29390F,214289
520,7DE78D3974FDB90F,203725
522,764FE630DF64F9A5,199228
524,8741B200E5B62E0F,200002
526,7E872D7F5C654BE1,209798
528,49FD2C4A8B2756CC,204688
530,B4DC712F1E388EF6,210233
532,DFFD61562D780173,18373
534,4528EBA8583C8FC8,26713
536,5903D765F7CB7E94,65686
538,B7E4B13909B34502,26728
540,F14A9F0ED979E39B,40516
542,89E9777B8AFF1FBD,27928
544,8B658718C00D0E6F,51343
546,DDBFA6A3B9F14EC9,28378
548,EA1EF8FDE3146F7B,64987
550,68A01F351D1A7801,64129
552,53CD3AF914548CCD,36433
554,BE0960281BEB715F,20944
556,C33F4AC7B5370B63,42076
558,F3B15801745EDDBC,46879
560,840CDB4EB2E8331F,34906
562,8F604876F7EA5F91,17716
564,1EE233E0E349BB39,43921
566,8F47EA9D58A3000A,25789
568,D2983C1181AC436E,32467
570,468C4B5B1B495C65,39565
572,9020B2E27BEE80D4,44389
574,50170AE36FC3A7E5,23872
576,FC95B3CFEEF67EA4,39991
578,98AD3963A91FDF93,36037
580,9D2244C220B2FF0D,35626
582,D89DA6B7FFCC1644,42013
584,B967F07C4BF3F99C,42883
586,F62B4686E7761833,17086
588,BA4BDC752A797617,50962
590,C4D759195D865224,43096
592,E53D6AFAEDE03CFC,27538
594,5822137C39D42BE6,42721
596,AE94471929A0547E,43231
598,257F6CFE726564B8,45622
600,587BC6F620B46913,43204
602,39363590A7EED2E0,45667
604,58C874600494F389,59506
606,90A6E17E86CAF6A0,30637
608,D7EB43678D5C7E7E,26791
610,7F4A797C222C8F24,26518
612,115B769997E301C1,27589
614,1BF6FE2981DF6773,27511
616,CD12DAD882779433,26833
618,8E7BE802B3D89009,16741
620,49E23D4192E2D446,49111
622,5D3AC1C251066CF1,205645
624,5EE765CDA217EAE0,25498
626,6361470C502AB8AD,65812
628,49A4FC5AC8DE9B57,27529
630,5FEC20201ABA3B8C,62812
632,EFFEE49D559B4601,23521
634,E42EBF20F3204825,44071
636,7B68B3F03D0ABC09,36688
638,2090F30C6CC5C4BC,28453
640,210BCF3D95B73E72,28567
642,CE3571DEFB4D8CB2,24898
644,87F1BD26B89F5994,28516
646,D7F516C981C9DF0E,41518
648,AFB5BA2471951F3F,48367
650,5956D98AE4337571,52111
652,6A10F9433BC8FD2B,59932
654,74BEA0915199B503,59176
656,FC3636A33E4C8014,62623
658,D85CB47EB61591F8,32557
660,FDD089FB6BD30660,33403
662,C3B04995913848B7,50620
664,FCDD3DC75E5E6C1C,59341
666,AAA42F06B74BDCA3,37108
668,AF06191263D95853,30517
670,BFF28FB3F5C91884,56479
672,457090889D899972,39007
674,8B0CDFC6AF8998FE,65701
676,8655192F526F0B55,47311
678,F7D268A627353FB6,34333
680,725C7ABFAEF07661,46384
682,2A881CE63EB2E985,26626
684,EF2C06859B24B5FE,25360
686,C48AFE6CF8D51B55,24970
688,CCD0C8A6EF8DC197,24985
690,2D92013B08143B0D,26539
692,4A6AE55DB71018FC,25051
694,EBD11B6636F1B4E6,60640
696,BD30488D15B8AC04,51742
698,FE69F299F950D7AD,27829
700,7F41B25CF11FCFE2,57961
702,93E6DC3C4F12EAD3,29038
704,89D6E40BF06E724C,41377
706,8F7AEBCB2DC07BAB,54214
708,9C71B96AA67B99A3,21916
710,B49110AD84523954,26827
712,549C9A2B4A695AF0,24727
714,243801C861978BEA,26590
716,0835F3715C9895B5,26629
718,8273C49AD7C78855,26968
720,ACEF0A5B33559577,26809
722,FDACF6D43FCA4234,26794
724,1F9E28274DC78039,26797
726,5FC8D4D0D090EEFD,6532
728,443FCAED54862B9B,5683
730,73A321073E7C8E67,217760
732,380D76D910DE636A,466
734,80DE057F2EF892D1,1930
736,8169F237118577F3,217754
738,279C57A11F44E998,217964
740,A51C53A1C98B9003,218015
742,2CBF502212D2FED5,218003
744,00B72A4C6EDCCB89,3964
746,39C623CE3FAF46EA,24883
748,C328A97D06F4E13C,1195
750,E1BCC357916FEC0A,1411
752,F3D0280F404EF678,1372
754,07936F59253A32AD,25300
756,60F3352C04F041FD,221462
758,C514CE42B1B6E943,218363
760,F7C6F48FC9CC336B,3046
762,6F42D5646F650EAF,221504
764,385F5D9A87A3DE74,221459
766,6B467C7922FBFAB9,218366
768,331A88F867396CDE,3049
770,20EC03C053BD1861,1267
772,7A313D41CA468E44,637
774,F0D3D2AD18A862F2,1276
776,E2D77B28DEAA3276,3541
778,5C0D0A04E3168737,3514
780,388069DB03C79D96,3511
782,308A8053369D55BF,27484
784,7DD924274137496B,27307
786,6CA1BC8759D332AF,26191
788,9BC1C43C1973D7B4,2239
790,89F9CAADC4B03DC2,418
792,F1F5F7A5CF4D61AD,3169
794,6504958D1EE7C2B0,1480
796,54E088D8574B809E,2251
798,BC57DC78E6646170,8104
800,E18C8250514CD397,8191
802,DD1DCCAFA77F3985,7660
804,3A297337B86DAA3F,4327
806,C779F23E891D5DAF,5263
808,E6A7AB2BCB16C258,8230
810,64D021739C4CD3E9,5266
812,34DEAB4F105825B0,1855
814,128D3ADF58D9280A,7918
816,05785378833B9722,1621
818,B353A282F98B2BA4,1150
820,66D92E5EB24AC962,8002
822,A5FDEDC36CBB4D8C,1645
824,9BF53AEA03405A6F,1594
826,A0DA7F9002975C56,8407
828,58B0DFA1DFC617A7,7546
830,5BEB4CC02FCA5AEC,2791
832,01EF36CCB0FEC099,2770
834,DAB8B396D8D1D2FF,2788
836,779337AAF4433E07,2767
838,337271FC863A4956,7486
840,2EDDED6E456FAF19,2917
842,82F5185714F0743C,1006
844,AA2F6CDE2DFD5D8B,4036
846,A1DC4EBD00200F3E,3832
848,C4D6994CB7FE5798,6766
850,674BC03C4B7A85AF,1759
852,2D02F3FE755AB828,7396
854,5D8CD90100F4A264,7129
856,2AE1304C37E466AA,7606
858,ABE7C05651E153F7,337
860,C5CC3E39BA49BB7B,4069
862,AABD27E487D6B07A,1099
864,7624064900FF9C53,5113
866,C85BBEAE7CBA0F93,3640
868,1E976D27EC85E534,2683
870,DA843EB3A60506F8,2671
872,2B81F267708B901B,2689
874,D63870A76E6D9781,2686
876,87D41E4CC5641107,2701
878,65568E7CA6834844,7225
880,92FFD757434EC682,1870
882,48E299121F30F303,3772
884,9201C852CB383679,1879
886,EBBA2CCF0D638FC0,3766
888,68084FA0E3FF123F,3778
890,7B796CFA85F2AEA3,2614
892,8230775EF2F60DE5,5383
894,2801EE2A81D47F86,2617
896,028026C89497FC2D,8260
898,BB5EE885E3D6A2D6,2632
900,A389C8D3CEA6B47B,790
902,EF05349EF13335BF,8272
904,F0879CEB52E52FDB,8350
906,39127E243C811640,8170
908,58C10A5E9CD9D752,2662
910,E1953559AA80BE10,3262
912,CBAAAE424EE0DFF1,1900
914,5AF55AD2708C1C8E,220
916,443BAD70081A2F6C,2092
918,BE8975351E952D37,2101
920,7DD5E9777ACD2D85,1972
922,9F24B85DE6D29523,2083
924,AAAEAA760D6E4F48,2080
926,EEEA0A1054E35706,2029
928,C9903B8DC061D618,2035
930,B24A103EA2ABC93B,5353
932,050524B6D04F4C6A,454
934,B0CD9AAEE1D50964,5329
936,ADCE928AA7A4E14D,24748
938,DE8B9775F57E2B6B,5047
940,F6A7A853164C30FF,442
942,B59AD1615589994B,2815
944,DC8D70295DDB30B8,2362
946,70CCA3ACE2C3DB10,2569
948,E29BA6383DED9BFD,2869
950,C22F98F07A332C31,2818
952,2A8BACA4AB380B36,2383
954,C43AD8CF39AD4840,2485

3,EE3238C5A0A1D8FD,19585
7,0CEE754BE652069E,28063
11,6718DD23D064BD5B,56269
15,D112D96084F80CD3,51922
19,0F9139413AFB0B56,24478
23,9240D3D4EC2B31E3,24736
27,1502EC4004EC8180,59095
31,F198AA27C6A63B23,52891
35,0F813458439AB576,22672
39,E36C44F9BBF7FE91,32335
43,8288B80FF99C6071,35149
47,6FAAF727E3B95D03,40396
51,E1E8CB0DB3A79A7C,23182
55,E38C3C7683A2A1B5,53389
59,634BED8EAC7CF045,224849
63,792489AF2BBA4837,216608
67,2ECD85B76D39A69F,220517
71,4D9F409F4733DC01,227687
75,70E35F46A740C56F,217301
79,CAA12D45F76C506D,229151
83,020DAD9BDB6EEFF3,220475
87,E638E590B272C8B1,221510
91,C78EBA3E6E7A40A4,224780
95,ECB5662B20E60D5E,224573
99,3FFC6E2FC7FB76B2,225278
103,3F2553A149279AF7,222317
107,7CD8D66E214A0FE1,220364
111,C660916ADC7016BD,226832
115,9CFCC620A1173E7D,219410
119,60298ADB4FC64264,225224
123,5A9A37D8BA02F341,228293
127,FF853E58DB2BF2BC,219428
131,3E6B0076ECEE9DA1,217547
135,6C8FFF321602C59F,219344
139,90FD6AEA5BC3D8FB,219425
143,3330754FF93DC2E3,227447
147,836A8E8C2F9A19A6,226694
151,6A73AE5676C02BFD,225248
155,59307B280FD91A18,224186
159,2EAD8E51F7752506,222710
163,BBF070B0582F7244,226970
167,6D1408E7CEA61BA2,218315
171,99011FD8AB065B60,220160
175,4ABA98CCFDACA424,221717
179,ABF384360A4855F3,229724
183,BC760860847EF388,220589
187,5DE45257E8BE8121,221558
191,9239D6249664CD30,220811
195,D82CE4860C4307E1,219707
199,268D08C04DBA6BDE,220817
203,E782B2715D7A04AC,217697
207,CA3F0106707B8AF8,216986
211,C83D370309B6CC34,223394
215,1565EFB002E0C99E,215807
219,2CD35B41C56FDF11,223694
223,5FC0B4B9DEBD55A9,216146
227,B6571B4B9C000348,217487
231,125E5B608978CCF7,216209
235,CAAB99FCC8D643DF,217988
239,700BC6531CBC41E7,223385
243,64180701D2DC6CC9,219179
247,552AAF8E36110510,219980
251,AF5E51B6C3D18545,223445
255,E58F00D4CC84F927,218963
259,45B4E62C6163C20A,225146
263,84CAC8A3DEA6A3D8,224114
267,BB333E1FE6ED8856,226484
271,81A92B66F106997C,216653
275,902BC3A946345B8A,222059
279,4FA3B9520BAA530B,220787
283,80C24CDF69AC1B71,220742
287,2AEFFB7C7544ACD2,229682
291,455B93793C08A364,225905
295,34263BE97ABEAEB0,220571
299,A8FB016AF5500DCC,218342
303,25E27EABB8703316,220565
307,A2184E9FB9D75BB6,33862
311,99E5EADC6693C1A6,46936
315,00908E23919F7E02,26647
319,C47975B43F61D8D6,28066
323,B6C61B5A70C20A18,53020
327,5AAA007418E97333,50380
331,0483F10CC4BC5C1B,24919
335,0FF247C22C09AEE0,49495
339,5C2D888155FD2330,35596
343,D4B59121DE13F3F8,28336
347,5CE6C741318F564D,41614
351,634F6BAA289498E9,23491
355,12A5B86C770219AD,33907
359,B03C9ADD3069853C,44992
363,B7195CC4FEDE8E22,63106
367,1F4D8E19874F9906,29995
371,E1930A38F54C66FC,45721
375,AFEFC3F1AAA11667,56920
379,4B3464CFB008587D,56911
383,50C16052D497A884,45685
387,AF0DACD950C48C88,30169
391,AE2A523A9968656C,31171
395,1226A4989D4BF397,28210
399,503661946D9E42E0,26770
403,E18373711C6D7C15,212867
407,1397A801895D330C,203629
411,3BC8B503E4B786E2,201499
415,20910CDA670BF833,212306
419,FFD5200C09742E47,210977
423,13CCBEC87780E567,202897
427,5B721A5CD267425F,203974
431,645E13AE3595FC30,213860
435,A29272879A790C67,221390
439,B3C9DFF94F957A46,203749
443,B1CDCBF60C2CD534,214091
447,10393412549B43DB,202288
451,752E247EFB7C9A20,210131
455,C5A84D23BEDF6715,210224
459,BF14B68EF12D506E,203482
463,EE949A7BCFA22DB6,202339
467,358C69A65BEC5772,209021
471,A2042DDD62CBEA25,208100
475,442E729305ADCA86,210857
479,B25514B93D89F4C2,212696
483,34F0672AEDF09009,204898
487,BB0F5745FB158F85,212951
491,1C1ABB5ED2582684,213332
495,B276686D100F3EC5,214265
499,0E30A31060030FB4,213986
503,1F6946617D6AC1F9,201454
507,7E10CA73F4BA2084,205579
511,4F4798879009B84B,203686
515,47F2360A84E1AE4E,202993
519,FF16F2C902B9F72B,207485
523,568A7686BFB68627,214463
527,E4DF625E233ED1E1,203743
531,4D268E976498126B,210680
535,1DBE37F6AF431293,43705
539,10D88855E7E3A859,54301
543,45FE5AA83B0C465D,39961
547,2DBE1290A093279D,28375
551,DD59C9DE8CDDFE64,64534
555,EBBCD941A8B87941,47818
559,911F6F55E6D2B64F,52624
563,0A8BD29293DC0624,34198
567,1E507586FA7F4C3C,53581
571,68A3D80471BAD473,32884
575,5131D803B184AB91,34552
579,CE6D48B63F01D8EF,59068
583,02B5AA7DD3A3F372,31291
587,6D9C4D0864BF1D24,59734
591,7965737C8C6E1888,45655
595,2F05D1595FDBF729,35944
599,9EE1734A39825842,42718
603,FC2015060AAB86F8,24967
607,39C4BC80059D1AF2,56047
611,39431245D44136F7,3739
615,CB8EE208BB134A05,26983
619,09FA704EC3AE85DB,66619
623,1313E4E9AF845A02,61579
627,5FA17914486F52C4,19024
631,3D678D2D170A74A3,21748
635,7F2E7EE93CD82D28,28390
639,907EDED1B9F3CEF7,28675
643,0EA04C4D8A824B07,28645
647,9B5B64AD995CA9C9,48736
651,3E0D44519093E096,43564
655,D9D6868725FE2172,49777
659,0D2AED31E97BCDA9,52483
663,C43EFE6FFA84F183,33145
667,AA6FBDC96240D04F,29503
671,EE33D9DD1335B4DC,36223
675,5076CDAB2ADA5051,33526
679,9387350ED0508441,26575
683,D6A012F657F2F16B,21862
687,F38229BFC3BD10A6,66145
691,0C33D04594BFDADA,27616
695,49A43D98521A2F0C,47548
699,BACEE2A450F9023B,28135
703,3AAF5C149669B5A0,37522
707,58E71A7F51060FD8,20467
711,7B7C28DEBE81E64C,27571
715,24AF04F8B4B456B2,26992
719,E8CF4334C2AC8AA1,26617
723,9E9384F10B36D673,26989
727,067105388F9C01A0,7948
731,B5575CF22F9BE4BD,217751
735,F5771CCEADBA0EB0,59149
739,AE3AFF96E73DBE22,217958
743,4A427896B6EE782F,1789
747,B29E2FCA35D0DD53,1321
751,407549C363378370,5470
755,EA61E1D6C2523BE4,3904
759,34D068D09158AF85,6478
763,1C5027002951F9EE,3025
767,63B724FB21F789CF,26779
771,FFC5FF4184B4BDC9,3475
775,D512C7E9F0017F41,3460
779,260872CAFD30FF57,3490
783,031B123CF2A2ADE4,27268
787,6A874E6409079EF1,60202
791,61756159D3608F5B,7198
795,BA67BDED4C209016,8071
799,4D58917849862D6D,4825
803,26A1FEE67B331E24,5275
807,46BE3E38027A3782,7663
811,C3FAEA2FF5B10FAA,6175
815,B8F246D0671B05F0,292
819,A6AB18A6B6DE5BAA,817
823,D39A858F7B6F6277,1609
827,849E3FE4DE0FD70E,2776
831,A1460A569ACFB133,26857
835,4353581F0905BC66,2779
839,377000F5DBB2639A,1765
843,D4FA05712CA8299B,1753
847,EC3FDA3BA3A7FB0E,1702
851,221FDA0AE2375754,688
855,EFFC892DFB8CB90F,6637
859,AB727E9836A2F240,727
863,9326DB9B3B3EC5F7,26758
867,00CD3043A2B7BDF6,2710
871,D8F75AAB865E8BE2,2680
875,9D5DF20E3C2731AE,2692
879,89C29BCA0092A7ED,3781
883,BF7C9B9DC12A6144,2653
887,BD5D5511117BDA43,3754
891,65751AE99A975B8D,763
895,D9095E82CA381B6B,2611
899,839D40CAB0141E37,27601
903,98C91AC82AFD1DA5,25480
907,88136BE78D5178DE,2965
911,CA00E3D1E220AD3B,2173
915,5D461290A21BCCEE,2980
919,7D9CD1F47BE508D9,2125
923,EEF8922F4574BD1C,2011
927,3F93151120BD9766,2059
931,2907018E4D23D625,5017
935,C347675F7905F67C,5041
939,FD0ACC230DBE3FF6,8470
943,AF473D7952130FBC,4225
947,E298BD72902701B0,3694
951,60D162E9A113B7FD,2458
5,E5879571D311ED05,57049
13,BF0F1CC106F8ED89,46624
21,311571E67EFE90F4,55747
29,58C157A93B094738,30412
37,B4199B7557A85280,40036
45,98C0552886023F2D,24559
53,D57D0D3AC0AB4233,49615
61,4F1B0491E13E67FF,220007
69,287502FC6EABE5E6,227246
77,8829CA27F2CEF84C,217847
85,FD1DD20B264997E1,217691
93,35D6266EAF6B6FB7,226229
101,AC7B1FE54C222552,219917
109,640A9988B73796F1,217268
117,DE3BB94A8A39D16F,228272
125,E6E4817FF41B0788,225209
133,8FDF4AB73AAD797B,226715
141,FAFE16E6F5E0F19E,227048
149,E1F2F6416003F91E,226700
157,89BC9ECE129C9DB0,219800
165,7898150F44A13114,214685
173,0CED7963A38783F6,227888
181,E70898C1343B18F1,220823
189,3D52638A48936CFF,227120
197,2B661B14EADE5F48,220577
205,DBE264E9C8DD401A,227444
213,0FAC510EE55C1CA5,216191
221,EF21AF729429385E,216935
229,71D3ADB54B3AC89A,216206
237,D87F2ED71C8BBF53,227144
245,31AA43ADA8FED244,217460
253,8B0CD547BC58B1D7,219215
261,B13E7E55FBB7569F,227000
269,3B2E053E8134FC9C,215204
277,86C382CB4B0B4B34,216920
285,F24E29835069F60E,219617
293,AF551C2D9FFC2F5C,224906
301,9EF715C92B4A6B9F,219635
309,F9A5B2C0CB5A9C37,26599
317,658F5A75CDA56670,27652
325,48D95D415BCBD23D,54490
333,1D5A7EA9A6F66E96,36823
341,3EC0542A31BE2798,55231
349,3A5886766E646704,28342
357,FF141970494C3255,36748
365,51F910C0E313E970,31780
373,BFED0651C7D812F3,51745
381,0AB8BDB825E4A8FD,45694
389,1BC9BF021E7F6E8F,37726
397,E260864EAA83DAFF,28684
405,8B12A1A33C82456B,26950
413,CEBC7603A1582C15,207794
421,3AEACD80B3DC942A,203968
429,FF068B77BFDAFB2E,201784
437,21AA0094607FDDE4,210947
445,6AA4419CAF409033,3667
453,FC347C1FE5F318B1,202963
461,EAD9D43C1CE12EBD,27553
469,FC04CFC9ECDCE52C,200608
477,6618D62DE87B3B28,208643
485,D42368AB131724A5,208397
493,358A928B906D7D72,211982
501,5662A319EA9B1A67,212000
509,AA37F8971CF00FA4,203653
517,244BE8CDCC340A1E,202972
525,915204353F1E5A0B,203170
533,890071D13E6426E5,40192
541,FC3C0D5BE9668C09,25225
549,F8DC43785232B87A,41239
557,DE51A44419705612,49000
565,1702FF39026184D1,42973
573,24D9119EE4FF270A,39628
581,D4F6652459E384BD,26485
589,27A30C4B09E544D9,55906
597,E985345606AEB7B5,61558
605,F60FC522134FD2C7,31687
613,259C17474DDB7F32,26965
621,E6ACB3B2F891B631,37567
629,9361336E04493757,50140
637,84184649A1599571,23662
645,4C1A97EC92804AE5,34846
653,BFEC279F9501C516,62326
661,FDA5A49F85BCB3B1,53809
669,1615258D5EFE40F7,57928
677,4BFCB5A2F072D276,44659
685,11FB4CE4E9A521F7,49468
693,45663FBE8E4FCC7F,54553
701,D66979CF315836E0,28954
709,57C46E754A11C0A3,26842
717,1EA11CA96EB778CF,27577
725,5483E3B2F6322565,218177
733,8D5E5E891A78182A,27733
741,A32DE8B5E0D1FE11,217955
749,28593FEED46447C1,4987
757,5E7EAF017BB67356,3022
765,D5956C40C5F30495,217796
773,7F727240772B5FDA,1315
781,6F532C0A73E0094E,3478
789,39C39C5BFEE9A495,26113
797,8CCE787FB195885D,3394
805,B2DCB9167DA7D4C7,5848
813,A2BBFCBC64F2A7EB,27232
821,8EFA7A8BA96C3761,1588
829,943C5F4ACCD24516,910
837,CF6228BBE4AFE945,5281
845,A0BB8BD3438EB7F4,1705
853,32084C4ED477C8F0,6295
861,B53407750C640E9E,841
869,DC51F7E3601BA8F7,2698
877,F570D13E7F61FC66,7810
885,AD3815FD79181331,3760
893,0A35D2FBEA8B8B16,28138
901,7C88EFF55AF77B41,5380
909,0355B6D02DC9E773,3277
917,557216F8C32915F7,2065
925,B21D33D962933064,2014
933,C1EB684890C031A2,8452
941,68AF1274B9501F01,5071
949,1E14CCBA5B7456FB,2578
